<FileZillaServer>
<Settings>
<Item name="Serverport" type="numeric">21</Item>
<Item name="Number of Threads" type="numeric">2</Item>
<Item name="Maximum user count" type="numeric">0</Item>
<Item name="Timeout" type="numeric">120</Item>
<Item name="No Transfer Timeout" type="numeric">600</Item>
<Item name="Allow Incoming FXP" type="numeric">0</Item>
<Item name="Allow outgoing FXP" type="numeric">0</Item>
<Item name="No Strict In FXP" type="numeric">0</Item>
<Item name="No Strict Out FXP" type="numeric">0</Item>
<Item name="Login Timeout" type="numeric">60</Item>
<Item name="Show Pass in Log" type="numeric">0</Item>
<Item name="Custom PASV Enable" type="numeric">0</Item>
<Item name="Custom PASV IP" type="string"></Item>
<Item name="Custom PASV min port" type="numeric">0</Item>
<Item name="Custom PASV max port" type="numeric">0</Item>
<Item name="Initial Welcome Message" type="string">%v
written by Tim Kosse (Tim.Kosse@gmx.de)
Please visit http://sourceforge.net/projects/filezilla/</Item>
<Item name="Admin IP Bindings" type="string"></Item>
<Item name="Admin IP Addresses" type="string"></Item>
<Item name="Enable logging" type="numeric">0</Item>
<Item name="Logsize limit" type="numeric">0</Item>
<Item name="Logfile type" type="numeric">0</Item>
<Item name="Logfile delete time" type="numeric">0</Item>
<Item name="Use GSS Support" type="numeric">0</Item>
<Item name="GSS Prompt for Password" type="numeric">0</Item>
<Item name="Download Speedlimit Type" type="numeric">0</Item>
<Item name="Upload Speedlimit Type" type="numeric">0</Item>
<Item name="Download Speedlimit" type="numeric">10</Item>
<Item name="Upload Speedlimit" type="numeric">10</Item>
<Item name="Buffer Size" type="numeric">4096</Item>
<Item name="Admin port" type="numeric">14147</Item>
<Item name="Serverports" type="string">21</Item>
<Item name="Custom PASV IP type" type="numeric">0</Item>
<Item name="Custom PASV IP server" type="string">http://ip.filezilla-project.org/ip.php</Item>
<Item name="Use custom PASV ports" type="numeric">0</Item>
<Item name="Mode Z Use" type="numeric">0</Item>
<Item name="Mode Z min level" type="numeric">1</Item>
<Item name="Mode Z max level" type="numeric">9</Item>
<Item name="Mode Z allow local" type="numeric">0</Item>
<Item name="Mode Z disallowed IPs" type="string"></Item>
<Item name="IP Bindings" type="string">*</Item>
<Item name="IP Filter Allowed" type="string"></Item>
<Item name="IP Filter Disallowed" type="string"></Item>
<Item name="Hide Welcome Message" type="numeric">0</Item>
<Item name="Enable SSL" type="numeric">0</Item>
<Item name="Allow explicit SSL" type="numeric">1</Item>
<Item name="SSL Key file" type="string"></Item>
<Item name="SSL Certificate file" type="string"></Item>
<Item name="Implicit SSL ports" type="string">990</Item>
<Item name="Force explicit SSL" type="numeric">0</Item>
<Item name="Network Buffer Size" type="numeric">65536</Item>
<Item name="Force PROT P" type="numeric">0</Item>
<Item name="SSL Key Password" type="string"/>
<Item name="Allow shared write" type="numeric">0</Item>
<Item name="No External IP On Local" type="numeric">1</Item>
<Item name="Active ignore local" type="numeric">1</Item>
<Item name="Autoban enable" type="numeric">0</Item>
<Item name="Autoban attempts" type="numeric">5</Item>
<Item name="Autoban type" type="numeric">0</Item>
<Item name="Autoban time" type="numeric">1</Item>
<SpeedLimits>
<Download/>
<Upload/>
</SpeedLimits>
</Settings>
<Groups/>
<Users>
<User Name="anonymous">
<Option Name="Pass"/>
<Option Name="Group"/>
<Option Name="Bypass server userlimit">0</Option>
<Option Name="User Limit">0</Option>
<Option Name="IP Limit">0</Option>
<Option Name="Enabled">1</Option>
<Option Name="Comments"/>
<Option Name="ForceSsl">0</Option>
<IpFilter>
<Disallowed/>
<Allowed/>
</IpFilter>
<Permissions>
<Permission Dir="\xampp\anonymous">
<Option Name="FileRead">1</Option>
<Option Name="FileWrite">0</Option>
<Option Name="FileDelete">0</Option>
<Option Name="FileAppend">0</Option>
<Option Name="DirCreate">0</Option>
<Option Name="DirDelete">0</Option>
<Option Name="DirList">1</Option>
<Option Name="DirSubdirs">0</Option>
<Option Name="IsHome">1</Option>
<Option Name="AutoCreate">0</Option>
</Permission>
<Permission Dir="\xampp\anonymous\incoming">
<Option Name="FileRead">1</Option>
<Option Name="FileWrite">1</Option>
<Option Name="FileDelete">0</Option>
<Option Name="FileAppend">0</Option>
<Option Name="DirCreate">0</Option>
<Option Name="DirDelete">0</Option>
<Option Name="DirList">1</Option>
<Option Name="DirSubdirs">0</Option>
<Option Name="IsHome">0</Option>
<Option Name="AutoCreate">0</Option>
</Permission>
</Permissions>
<SpeedLimits DlType="0" DlLimit="10" ServerDlLimitBypass="0" UlType="0" UlLimit="10" ServerUlLimitBypass="0">
<Download/>
<Upload/>
</SpeedLimits>
</User>
<User Name="newuser">
<Option Name="Pass">92eb8879a82524686acdd0058e1cd4f5</Option>
<Option Name="Group"/>
<Option Name="Bypass server userlimit">0</Option>
<Option Name="User Limit">0</Option>
<Option Name="IP Limit">0</Option>
<Option Name="Enabled">1</Option>
<Option Name="Comments"/>
<Option Name="ForceSsl">0</Option>
<IpFilter>
<Disallowed/>
<Allowed/>
</IpFilter>
<Permissions>
<Permission Dir="\xampp\htdocs">
<Option Name="FileRead">1</Option>
<Option Name="FileWrite">1</Option>
<Option Name="FileDelete">1</Option>
<Option Name="FileAppend">1</Option>
<Option Name="DirCreate">1</Option>
<Option Name="DirDelete">1</Option>
<Option Name="DirList">1</Option>
<Option Name="DirSubdirs">1</Option>
<Option Name="IsHome">1</Option>
<Option Name="AutoCreate">0</Option>
</Permission>
</Permissions>
<SpeedLimits DlType="0" DlLimit="10" ServerDlLimitBypass="0" UlType="0" UlLimit="10" ServerUlLimitBypass="0">
<Download/>
<Upload/>
</SpeedLimits>
</User>
</Users>
</FileZillaServer>
